URL_ID,URL,POSITIVE SCORE,NEGATIVE SCORE,POLARITY SCORE,SUBJECTIVITY SCORE,AVG SENTENCE LENGTH,PERCENTAGE OF COMPLEX WORDS,FOG INDEX,AVG NUMBER OF WORDS PER SENTENCE,COMPLEX WORD COUNT,WORD COUNT,SYLLABLE PER WORD,PERSONAL PRONOUNS,AVG WORD LENGTH
37,https://insights.blackcoffer.com/ai-in-healthcare-to-improve-patient-outcomes/,3,11,-0.571428531,0.245614031,22.8,29.8245614,21.04982456,22.8,34,68,"[3, 1, 1, 2, 2, 1, 3, 2, 3, 2, 2, 1, 3, 3, 1, 2, 2, 1, 4, 1, 1, 1, 3, 3, 2, 1, 5, 4, 2, 1, 1, 1, 4, 4, 3, 2, 3, 4, 2, 1, 4, 4, 1, 3, 5, 4, 3, 1, 2, 4, 1, 3, 4, 1, 1, 4, 5, 2, 3, 3, 3, 2, 3, 3, 4, 3, 4, 2]",,7.701754386
38,https://insights.blackcoffer.com/what-if-the-creation-is-taking-over-the-creator/,8,5,0.230769213,0.419354825,22.25,21.34831461,17.43932584,22.25,19,48,"[2, 1, 4, 2, 3, 3, 3, 2, 1, 5, 2, 2, 3, 2, 3, 4, 3, 2, 4, 2, 1, 1, 4, 3, 1, 2, 2, 3, 1, 1, 1, 3, 4, 2, 3, 1, 1, 1, 2, 2, 2, 2, 1, 3, 2, 5, 2, 3]",,7.322580645
39,https://insights.blackcoffer.com/what-jobs-will-robots-take-from-humans-in-the-future/,7,2,0.555555494,0.118421051,19,32.23684211,20.49473684,19,49,93,"[1, 3, 3, 3, 2, 5, 2, 3, 3, 3, 3, 4, 4, 3, 2, 3, 5, 2, 3, 5, 3, 2, 1, 1, 5, 3, 4, 4, 3, 2, 3, 2, 1, 1, 1, 2, 1, 3, 1, 2, 1, 1, 1, 1, 3, 1, 2, 4, 1, 2, 4, 2, 1, 4, 4, 3, 2, 2, 4, 2, 1, 4, 2, 4, 1, 3, 3, 2, 4, 2, 4, 3, 4, 1, 1, 3, 3, 2, 3, 2, 4, 2, 2, 3, 3, 1, 3, 4, 5, 1, 3, 3, 2]",,7.407894737
40,https://insights.blackcoffer.com/will-machine-replace-the-human-in-the-future-of-work/,6,0,0.999999833,0.285714272,23,19.56521739,17.02608696,23,9,28,"[3, 1, 1, 1, 2, 2, 5, 1, 4, 5, 1, 3, 4, 4, 2, 2, 5, 4, 1, 1, 1, 2, 2, 1, 2, 2, 2, 2]",,7.333333333
41,https://insights.blackcoffer.com/will-ai-replace-us-or-work-with-us/,1,0,0.999999,0.19999996,13,30.76923077,17.50769231,13,4,8,"[3, 5, 1, 3, 4, 2, 1, 1]",,8
42,https://insights.blackcoffer.com/man-and-machines-together-machines-are-more-diligent-than-humans-blackcoffe/,2,3,-0.19999996,0.087719297,22.2,24.32432432,18.60972973,22.2,27,73,"[4, 4, 2, 1, 1, 2, 4, 4, 2, 2, 1, 1, 1, 3, 1, 1, 3, 2, 1, 4, 1, 1, 2, 2, 2, 3, 4, 2, 3, 3, 4, 2, 2, 4, 1, 5, 2, 2, 3, 2, 4, 5, 1, 1, 2, 3, 2, 1, 3, 2, 2, 3, 3, 2, 4, 1, 2, 4, 2, 4, 2, 1, 1, 3, 1, 5, 1, 2, 2, 2, 2, 1, 3]",,7.210526316
43,https://insights.blackcoffer.com/in-future-or-in-upcoming-years-humans-and-machines-are-going-to-work-together-in-every-field-of-work/,3,1,0.499999875,0.19999999,13,25,15.2,13,13,28,"[3, 3, 1, 2, 3, 1, 1, 3, 3, 1, 1, 3, 1, 3, 1, 3, 2, 3, 1, 4, 1, 2, 4, 3, 2, 1, 4, 2]",,6.55
44,https://insights.blackcoffer.com/how-neural-networks-can-be-applied-in-various-areas-in-the-future/,,,,,,,,,,,,,
45,https://insights.blackcoffer.com/how-machine-learning-will-affect-your-business/,0,0,0,0,30.5,14.75409836,18.10163934,30.5,9,30,"[3, 2, 3, 1, 1, 1, 3, 3, 4, 1, 2, 1, 2, 1, 2, 1, 2, 2, 1, 3, 2, 1, 5, 1, 2, 4, 1, 3, 2, 1]",,7.090909091
46,https://insights.blackcoffer.com/deep-learning-impact-on-areas-of-e-learning/,8,0,0.999999875,0.078431372,29.16666667,34.28571429,25.38095238,29.16666667,60,112,"[3, 4, 3, 4, 2, 4, 1, 2, 1, 4, 3, 1, 2, 2, 4, 5, 3, 3, 3, 2, 2, 2, 3, 2, 3, 2, 3, 4, 3, 4, 4, 3, 2, 2, 1, 2, 2, 1, 2, 2, 4, 1, 2, 3, 4, 3, 3, 2, 3, 3, 4, 1, 3, 2, 5, 3, 3, 4, 3, 1, 2, 2, 4, 2, 3, 2, 1, 2, 3, 3, 1, 2, 2, 3, 4, 3, 3, 1, 1, 2, 3, 3, 1, 2, 2, 4, 5, 1, 2, 3, 4, 2, 2, 2, 3, 2, 4, 1, 1, 2, 3, 4, 1, 3, 3, 3, 4, 3, 2, 4, 3, 3]",,7.696078431
47,https://insights.blackcoffer.com/how-to-protect-future-data-and-its-privacy-blackcoffer/,1,2,-0.333333222,0.119999995,21.33333333,25,18.53333333,21.33333333,16,31,"[3, 4, 1, 3, 4, 2, 4, 1, 3, 1, 1, 1, 2, 3, 4, 3, 4, 2, 1, 4, 2, 4, 3, 2, 2, 4, 4, 2, 2, 1, 2]",,8
48,https://insights.blackcoffer.com/how-machines-ai-automations-and-robo-human-are-effective-in-finance-and-banking/,0,0,0,0,12,0,4.8,12,0,4,"[1, 1, 1, 2]",,5
49,https://insights.blackcoffer.com/ai-human-robotics-machine-future-planet-blackcoffer-thinking-jobs-workplace/,0,3,-0.999999667,0.199999987,4.571428571,15.625,8.078571429,4.571428571,5,20,"[1, 1, 4, 2, 5, 1, 2, 2, 2, 3, 4, 1, 1, 2, 2, 4, 1, 1, 1, 2]",,7.4
50,https://insights.blackcoffer.com/how-ai-will-change-the-world-blackcoffer/,2,0,0.9999995,0.090909087,14.6,13.69863014,11.31945205,14.6,10,29,"[1, 1, 1, 3, 3, 3, 5, 2, 2, 2, 1, 2, 5, 4, 1, 3, 2, 1, 1, 2, 3, 4, 1, 2, 2, 4, 1, 1, 1]",,7.363636364
51,https://insights.blackcoffer.com/future-of-work-how-ai-has-entered-the-workplace/,3,3,0,0.24999999,17,19.11764706,14.44705882,17,13,34,"[4, 5, 3, 2, 2, 3, 2, 1, 3, 1, 2, 1, 3, 3, 2, 2, 1, 1, 2, 3, 1, 3, 1, 1, 1, 2, 3, 4, 2, 3, 2, 2, 1, 1]",,7
52,https://insights.blackcoffer.com/ai-tool-alexa-google-assistant-finance-banking-tool-future/,2,0,0.9999995,0.033333333,32.25,27.90697674,24.0627907,32.25,36,76,"[1, 1, 1, 3, 3, 3, 3, 2, 3, 1, 2, 3, 1, 2, 5, 3, 3, 4, 1, 2, 2, 5, 3, 2, 3, 2, 3, 3, 2, 3, 1, 3, 4, 2, 3, 2, 1, 2, 3, 3, 3, 2, 1, 3, 3, 3, 1, 2, 3, 2, 1, 1, 3, 3, 2, 2, 1, 2, 3, 3, 2, 2, 2, 1, 2, 2, 5, 4, 3, 3, 2, 3, 2, 2, 1, 3]",,7.266666667
53,https://insights.blackcoffer.com/ai-healthcare-revolution-ml-technology-algorithm-google-analytics-industrialrevolution/,0,0,0,0,12,8.333333333,8.133333333,12,1,6,"[1, 2, 3, 1, 2, 1]",,7
54,https://insights.blackcoffer.com/all-you-need-to-know-about-online-marketing/,0,0,0,0,0,0,0,0,0,0,[],,0
55,https://insights.blackcoffer.com/evolution-of-advertising-industry/,0,0,0,0,10.66666667,18.75,11.76666667,10.66666667,6,20,"[1, 3, 1, 3, 3, 2, 2, 2, 2, 2, 1, 3, 4, 2, 1, 1, 2, 1, 3, 2]",,5.875
56,https://insights.blackcoffer.com/how-data-analytics-can-help-your-business-respond-to-the-impact-of-covid-19/,0,0,0,0,17,17.64705882,13.85882353,17,3,10,"[1, 2, 3, 1, 1, 2, 2, 2, 2, 4]",,6.833333333
57,https://insights.blackcoffer.com/covid-19-environmental-impact-for-the-future/,,,,,,,,,,,,,
58,https://insights.blackcoffer.com/environmental-impact-of-the-covid-19-pandemic-lesson-for-the-future/,1,0,0.999999,0.055555552,35,28.57142857,25.42857143,35,10,23,"[2, 1, 3, 2, 3, 1, 1, 2, 3, 3, 3, 2, 4, 4, 3, 1, 2, 2, 1, 2, 4, 4, 2]",,6.888888889
59,https://insights.blackcoffer.com/how-data-analytics-and-ai-are-used-to-halt-the-covid-19-pandemic/,3,3,0,0.166666662,22.5,18.88888889,16.55555556,22.5,17,50,"[2, 1, 2, 1, 1, 2, 2, 1, 1, 5, 2, 2, 3, 2, 3, 1, 2, 2, 1, 2, 4, 1, 1, 1, 4, 1, 2, 1, 3, 2, 1, 3, 2, 2, 1, 3, 1, 2, 3, 4, 5, 2, 2, 3, 2, 3, 4, 4, 3, 3]",,6.888888889
60,https://insights.blackcoffer.com/difference-between-artificial-intelligence-machine-learning-statistics-and-data-mining/,1,0,0.999999,0.19999996,14,21.42857143,14.17142857,14,3,7,"[2, 1, 1, 3, 3, 3, 1]",,5.4
61,https://insights.blackcoffer.com/how-python-became-the-first-choice-for-data-science/,4,0,0.99999975,0.210526305,18,19.44444444,14.97777778,18,7,22,"[2, 2, 2, 5, 5, 1, 3, 1, 2, 2, 2, 5, 2, 1, 2, 2, 7, 2, 3, 3, 1, 1]",,7.947368421
62,https://insights.blackcoffer.com/how-google-fit-measure-heart-and-respiratory-rates-using-a-phone/,1,1,0,0.060606059,14.6,16.43835616,12.41534247,14.6,12,43,"[1, 1, 1, 2, 1, 1, 2, 4, 2, 1, 2, 3, 2, 1, 5, 2, 2, 3, 1, 1, 1, 3, 3, 3, 1, 1, 3, 1, 4, 2, 1, 1, 5, 2, 2, 2, 2, 2, 1, 2, 2, 3, 3]",,6.242424242
63,https://insights.blackcoffer.com/what-is-the-future-of-mobile-apps/,1,0,0.999999,0.071428566,33,18.18181818,20.47272727,33,6,17,"[2, 3, 1, 4, 2, 3, 3, 2, 2, 2, 4, 1, 3, 1, 1, 1, 2]",,6.285714286
64,https://insights.blackcoffer.com/impact-of-ai-in-health-and-medicine/,1,0,0.999999,0.039999998,32.5,23.07692308,22.23076923,32.5,15,33,"[1, 2, 2, 1, 5, 4, 1, 2, 3, 2, 3, 2, 3, 1, 4, 1, 3, 1, 3, 2, 4, 3, 1, 3, 2, 3, 3, 2, 3, 1, 2, 1, 4]",,7.72
65,https://insights.blackcoffer.com/telemedicine-what-patients-like-and-dislike-about-it/,1,1,0,0.076923074,13.6,20.58823529,13.67529412,13.6,14,32,"[2, 1, 6, 4, 2, 4, 1, 2, 3, 2, 1, 4, 4, 2, 4, 2, 1, 2, 4, 3, 2, 2, 2, 3, 2, 3, 1, 2, 6, 5, 4, 2]",,8.346153846
66,https://insights.blackcoffer.com/how-we-forecast-future-technologies/,0,0,0,0,11,24.24242424,14.0969697,11,8,18,"[4, 1, 3, 1, 2, 1, 2, 4, 4, 1, 3, 2, 2, 1, 2, 3, 3, 4]",,7.214285714
67,https://insights.blackcoffer.com/can-robots-tackle-late-life-loneliness/,19,36,-0.309090903,0.180327868,14.94545455,15.81508516,12.30421588,14.94545455,130,403,"[2, 4, 2, 1, 2, 2, 1, 3, 2, 2, 1, 4, 1, 1, 2, 2, 4, 4, 1, 1, 2, 1, 2, 2, 1, 3, 4, 2, 1, 2, 2, 1, 1, 3, 2, 2, 3, 1, 3, 2, 3, 1, 2, 1, 3, 2, 2, 4, 2, 1, 3, 2, 1, 4, 1, 2, 1, 2, 1, 2, 1, 1, 2, 2, 2, 2, 2, 2, 4, 1, 4, 1, 2, 2, 3, 1, 1, 2, 2, 2, 1, 3, 2, 1, 2, 1, 3, 1, 1, 1, 3, 2, 2, 3, 4, 2, 1, 2, 3, 1, 3, 1, 2, 1, 3, 2, 2, 4, 2, 4, 3, 2, 1, 3, 2, 1, 2, 1, 2, 2, 2, 3, 1, 4, 1, 4, 2, 2, 3, 2, 3, 1, 3, 1, 3, 2, 1, 3, 2, 2, 2, 2, 2, 2, 3, 2, 2, 2, 1, 1, 4, 4, 2, 2, 2, 2, 2, 4, 3, 1, 2, 4, 3, 3, 3, 3, 2, 4, 4, 2, 4, 5, 4, 2, 2, 3, 2, 3, 1, 3, 2, 1, 2, 3, 3, 1, 1, 1, 1, 3, 1, 1, 1, 3, 2, 1, 1, 3, 1, 2, 1, 1, 1, 2, 1, 2, 4, 3, 1, 2, 1, 4, 2, 1, 1, 1, 2, 2, 1, 1, 4, 4, 1, 2, 2, 4, 1, 2, 1, 1, 1, 3, 1, 3, 1, 3, 1, 2, 1, 2, 1, 2, 2, 1, 2, 2, 2, 1, 4, 1, 1, 3, 3, 1, 1, 2, 4, 1, 1, 1, 3, 2, 3, 2, 2, 3, 1, 1, 2, 1, 1, 3, 4, 3, 1, 3, 2, 2, 2, 1, 3, 3, 4, 4, 2, 3, 3, 2, 2, 2, 4, 2, 1, 3, 1, 2, 1, 4, 3, 2, 4, 3, 2, 2, 1, 2, 2, 1, 1, 1, 1, 2, 2, 5, 2, 3, 1, 2, 2, 3, 2, 3, 4, 3, 1, 3, 1, 2, 3, 2, 1, 1, 2, 2, 3, 2, 2, 1, 2, 1, 2, 2, 3, 2, 2, 2, 2, 2, 2, 3, 1, 1, 3, 1, 4, 3, 3, 1, 1, 3, 1, 2, 2, 2, 3, 2, 3, 2, 1, 2, 4, 1, 2, 1, 3, 3, 1, 3, 3, 3, 2, 4, 3, 4, 1, 3, 2, 3, 2, 4, 3, 1, 4, 2, 1, 2, 1, 3, 2, 2, 1, 1, 2]",,6.750819672
68,https://insights.blackcoffer.com/embedding-care-robots-into-society-socio-technical-considerations/,1,0,0.999999,0.083333326,27,11.11111111,15.24444444,27,3,18,"[1, 2, 1, 2, 2, 1, 5, 3, 1, 2, 2, 2, 2, 2, 2, 1, 3, 1]",,6.916666667
69,https://insights.blackcoffer.com/management-challenges-for-future-digitalization-of-healthcare-services/,0,0,0,0,33,33.33333333,26.53333333,33,11,19,"[4, 1, 2, 1, 2, 2, 5, 4, 2, 2, 3, 2, 4, 4, 3, 3, 6, 3, 3]",,8.388888889
70,https://insights.blackcoffer.com/are-we-any-closer-to-preventing-a-nuclear-holocaust/,0,0,0,0,7,0,2.8,7,0,5,"[2, 1, 2, 2, 1]",,5.5
71,https://insights.blackcoffer.com/will-technology-eliminate-the-need-for-animal-testing-in-drug-development/,2,13,-0.733333284,0.405405394,17.71428571,8.870967742,10.63410138,17.71428571,11,50,"[4, 1, 2, 3, 1, 4, 2, 2, 2, 3, 3, 2, 2, 2, 2, 3, 2, 2, 2, 1, 2, 1, 1, 2, 3, 1, 1, 1, 2, 1, 4, 1, 1, 2, 3, 4, 2, 1, 3, 1, 2, 2, 1, 2, 1, 2, 2, 2, 2, 1]",,6.189189189
72,https://insights.blackcoffer.com/will-we-ever-understand-the-nature-of-consciousness/,1,3,-0.499999875,0.06060606,22.42857143,24.20382166,18.65295723,22.42857143,38,73,"[4, 3, 4, 3, 2, 2, 2, 3, 1, 3, 2, 2, 2, 2, 1, 4, 1, 3, 3, 2, 1, 1, 2, 5, 3, 4, 3, 1, 2, 2, 5, 3, 5, 4, 3, 2, 4, 3, 1, 2, 2, 4, 2, 4, 5, 1, 3, 1, 3, 3, 3, 2, 2, 3, 3, 4, 2, 1, 1, 3, 2, 4, 1, 4, 1, 2, 2, 2, 2, 3, 3, 3, 4]",,8.227272727
73,https://insights.blackcoffer.com/will-we-ever-colonize-outer-space/,1,1,0,0.045454544,32,14.58333333,18.63333333,32,14,53,"[3, 2, 4, 1, 2, 2, 3, 4, 1, 1, 2, 1, 1, 3, 2, 2, 2, 3, 2, 3, 2, 4, 2, 2, 2, 3, 1, 1, 1, 2, 1, 2, 2, 2, 2, 1, 2, 2, 1, 1, 6, 4, 3, 2, 2, 4, 2, 2, 2, 1, 2, 2, 3]",,6.590909091
74,https://insights.blackcoffer.com/what-is-the-chance-homo-sapiens-will-survive-for-the-next-500-years/,0,1,-0.999999,0.142857122,10,6.666666667,6.666666667,10,2,14,"[2, 1, 1, 1, 4, 2, 1, 4, 1, 1, 1, 2, 1, 1]",,5.571428571
75,https://insights.blackcoffer.com/why-does-your-business-need-a-chatbot/,5,1,0.666666556,0.107142855,13.61538462,16.38418079,11.99982616,13.61538462,29,88,"[1, 4, 2, 2, 2, 2, 2, 2, 2, 4, 1, 1, 4, 1, 1, 1, 2, 3, 1, 3, 1, 1, 1, 2, 2, 2, 2, 3, 2, 2, 1, 1, 2, 2, 2, 3, 3, 3, 2, 2, 5, 3, 2, 1, 3, 1, 2, 3, 5, 2, 1, 2, 1, 2, 1, 3, 2, 2, 3, 2, 3, 3, 1, 3, 1, 2, 3, 2, 3, 2, 2, 3, 4, 2, 1, 3, 2, 3, 3, 2, 1, 1, 1, 1, 3, 2, 2, 3]",,6.767857143
76,https://insights.blackcoffer.com/how-you-lead-a-project-or-a-team-without-any-technical-expertise/,11,3,0.571428531,0.229508193,19.8,14.64646465,13.77858586,19.8,29,95,"[2, 3, 2, 1, 2, 3, 1, 3, 1, 3, 1, 1, 1, 1, 2, 4, 2, 2, 3, 1, 2, 2, 3, 1, 3, 2, 4, 3, 2, 2, 1, 3, 1, 1, 2, 2, 1, 1, 3, 1, 3, 3, 4, 1, 2, 2, 1, 1, 3, 1, 2, 3, 3, 2, 1, 2, 2, 2, 2, 3, 2, 2, 1, 1, 3, 3, 2, 1, 2, 3, 1, 1, 2, 2, 4, 2, 1, 3, 3, 2, 1, 3, 2, 2, 3, 2, 2, 2, 4, 1, 2, 1, 2, 4, 1]",,7.344262295
77,https://insights.blackcoffer.com/can-you-be-great-leader-without-technical-expertise/,7,0,0.999999857,0.218749993,16,26.25,16.9,16,21,42,"[1, 3, 1, 1, 3, 3, 3, 4, 2, 2, 4, 3, 2, 5, 4, 3, 3, 1, 4, 2, 1, 2, 1, 1, 1, 3, 1, 3, 2, 2, 3, 1, 3, 2, 1, 1, 1, 1, 5, 3, 3, 3]",,7.28125
78,https://insights.blackcoffer.com/how-does-artificial-intelligence-affect-the-environment/,0,1,-0.999999,0.055555552,21.33333333,15.625,14.78333333,21.33333333,10,32,"[1, 1, 3, 2, 3, 4, 2, 1, 2, 1, 3, 1, 3, 1, 3, 1, 2, 3, 2, 2, 1, 2, 2, 3, 1, 2, 3, 3, 1, 1, 2, 1]",,6.777777778
79,https://insights.blackcoffer.com/how-to-overcome-your-fear-of-making-mistakes-2/,1,2,-0.333333222,0.272727248,17,14.70588235,12.68235294,17,5,17,"[2, 3, 3, 2, 1, 2, 2, 2, 2, 2, 3, 2, 2, 1, 3, 4, 2]",,6.545454545
80,https://insights.blackcoffer.com/is-perfection-the-greatest-enemy-of-productivity/,3,0,0.999999667,0.272727248,8.6,13.95348837,9.021395349,8.6,6,21,"[3, 2, 3, 2, 2, 3, 3, 3, 2, 2, 2, 2, 2, 2, 2, 2, 1, 1, 1, 2, 3]",,6.727272727
81,https://insights.blackcoffer.com/global-financial-crisis-2008-causes-effects-and-its-solution/,2,4,-0.333333278,0.206896545,30.5,14.75409836,18.10163934,30.5,9,36,"[3, 2, 1, 2, 2, 3, 3, 2, 1, 2, 2, 1, 1, 2, 1, 4, 3, 3, 3, 2, 1, 1, 2, 2, 2, 2, 1, 1, 2, 2, 5, 1, 2, 1, 2, 3]",,6.655172414
82,https://insights.blackcoffer.com/gender-diversity-and-equality-in-the-tech-industry/,1,2,-0.333333222,0.124999995,14.25,22.80701754,14.82280702,14.25,13,28,"[2, 4, 2, 5, 2, 3, 2, 3, 2, 5, 2, 4, 5, 3, 2, 4, 1, 2, 5, 3, 2, 1, 3, 2, 4, 1, 2, 1]",,8.083333333
83,https://insights.blackcoffer.com/how-to-overcome-your-fear-of-making-mistakes/,1,11,-0.833333264,0.3076923,22.75,20.87912088,17.45164835,22.75,19,51,"[2, 1, 2, 2, 3, 3, 1, 3, 4, 1, 1, 2, 2, 3, 4, 2, 2, 3, 3, 2, 1, 3, 4, 1, 2, 4, 3, 3, 1, 2, 2, 2, 2, 2, 2, 3, 3, 2, 1, 2, 2, 2, 2, 2, 3, 2, 2, 1, 3, 4, 2]",,6.948717949
84,https://insights.blackcoffer.com/how-small-business-can-survive-the-coronavirus-crisis/,0,1,-0.999999,0.045454543,25.66666667,15.58441558,16.5004329,25.66666667,12,38,"[1, 3, 1, 1, 1, 1, 3, 1, 1, 1, 2, 1, 5, 1, 2, 1, 3, 3, 1, 4, 2, 1, 4, 2, 3, 1, 1, 1, 1, 1, 4, 3, 2, 2, 3, 1, 2, 3]",,6.909090909
85,https://insights.blackcoffer.com/impacts-of-covid-19-on-vegetable-vendors-and-food-stalls/,1,4,-0.59999988,0.084745761,27.8,19.42446043,18.88978417,27.8,27,75,"[2, 1, 4, 2, 2, 3, 1, 2, 3, 3, 5, 2, 3, 3, 1, 3, 2, 3, 3, 2, 3, 1, 1, 2, 1, 4, 2, 5, 3, 2, 3, 1, 3, 1, 1, 1, 5, 2, 2, 4, 2, 2, 1, 2, 1, 1, 2, 3, 2, 2, 2, 2, 1, 3, 2, 2, 1, 1, 2, 1, 1, 2, 1, 4, 1, 4, 2, 3, 1, 1, 2, 3, 5, 3, 3]",,7.118644068
86,https://insights.blackcoffer.com/impacts-of-covid-19-on-vegetable-vendors/,0,0,0,0,1,0,0.4,1,0,0,[],,0
87,https://insights.blackcoffer.com/impact-of-covid-19-pandemic-on-tourism-aviation-industries/,0,3,-0.999999667,0.078947366,27,25.92592593,21.17037037,27,21,42,"[5, 3, 2, 3, 1, 2, 2, 4, 3, 3, 2, 3, 1, 2, 1, 5, 1, 3, 3, 2, 2, 3, 3, 3, 2, 3, 3, 3, 2, 3, 1, 2, 2, 1, 3, 2, 3, 3, 2, 1, 2, 1]",,7.157894737
88,https://insights.blackcoffer.com/impact-of-covid-19-pandemic-on-sports-events-around-the-world/,1,1,0,0.057142856,14.4,20.83333333,14.09333333,14.4,15,42,"[2, 1, 3, 2, 4, 3, 3, 2, 3, 2, 1, 1, 2, 2, 1, 2, 2, 1, 2, 3, 3, 1, 2, 3, 2, 4, 1, 3, 2, 1, 1, 2, 1, 2, 4, 3, 4, 3, 4, 2, 2, 2]",,7.085714286
89,https://insights.blackcoffer.com/changing-landscape-and-emerging-trends-in-the-indian-it-ites-industry/,1,2,-0.333333222,0.083333331,20.25,19.75308642,16.00123457,20.25,16,47,"[2, 1, 3, 3, 4, 2, 1, 4, 2, 1, 3, 1, 2, 2, 1, 3, 2, 1, 3, 2, 1, 2, 2, 1, 3, 2, 4, 4, 2, 2, 2, 2, 3, 2, 2, 2, 2, 3, 3, 2, 1, 5, 3, 3, 2, 1, 1]",,7.166666667
90,https://insights.blackcoffer.com/online-gaming-adolescent-online-gaming-effects-demotivated-depression-musculoskeletal-and-psychosomatic-symptoms/,1,0,0.999999,0.028571428,21.66666667,33.84615385,22.20512821,21.66666667,22,41,"[2, 1, 3, 2, 1, 3, 3, 3, 3, 2, 3, 3, 3, 2, 2, 4, 2, 2, 1, 3, 4, 3, 2, 3, 3, 3, 2, 4, 3, 3, 2, 3, 5, 3, 3, 2, 1, 2, 2, 1, 2]",,7.028571429
91,https://insights.blackcoffer.com/human-rights-outlook/,0,1,-0.999999,0.071428566,21,14.28571429,14.11428571,21,6,19,"[1, 3, 2, 3, 1, 3, 2, 1, 4, 3, 5, 1, 2, 1, 2, 2, 1, 2, 1]",,5.785714286
92,https://insights.blackcoffer.com/how-voice-search-makes-your-business-a-successful-business/,4,0,0.99999975,0.159999994,18.66666667,17.85714286,14.60952381,18.66666667,10,36,"[2, 1, 1, 2, 3, 2, 3, 2, 3, 4, 2, 1, 1, 3, 4, 1, 3, 3, 2, 2, 2, 1, 1, 4, 3, 1, 2, 1, 2, 2, 1, 2, 2, 1, 1, 1]",,6.2
93,https://insights.blackcoffer.com/how-the-covid-19-crisis-is-redefining-jobs-and-services/,4,0,0.99999975,0.111111108,16.28571429,14.03508772,12.1283208,16.28571429,16,59,"[3, 2, 1, 1, 2, 2, 4, 2, 1, 3, 1, 1, 2, 3, 2, 4, 2, 1, 1, 2, 3, 1, 3, 1, 1, 1, 3, 1, 1, 1, 2, 1, 3, 2, 1, 2, 1, 2, 3, 4, 1, 1, 2, 2, 1, 2, 3, 4, 1, 1, 2, 3, 1, 2, 4, 2, 1, 2, 3]",,6.333333333
94,https://insights.blackcoffer.com/how-to-increase-social-media-engagement-for-marketers/,1,2,-0.333333222,0.093749997,16,10.41666667,10.56666667,16,10,44,"[2, 2, 2, 3, 3, 3, 2, 1, 4, 1, 2, 3, 2, 2, 2, 2, 3, 1, 1, 2, 1, 3, 4, 1, 2, 2, 3, 2, 1, 1, 2, 1, 2, 1, 2, 2, 1, 4, 2, 2, 2, 1, 2, 2]",,6.09375
95,https://insights.blackcoffer.com/impacts-of-covid-19-on-streets-sides-food-stalls/,1,6,-0.714285612,0.137254899,28,25,21.2,28,28,61,"[2, 4, 1, 3, 1, 1, 1, 3, 1, 4, 1, 4, 1, 3, 4, 2, 4, 4, 1, 1, 2, 1, 3, 2, 1, 3, 3, 2, 1, 1, 2, 3, 3, 3, 3, 1, 3, 3, 2, 1, 2, 2, 4, 2, 3, 3, 2, 2, 3, 1, 3, 3, 4, 3, 2, 3, 4, 1, 2, 1, 1]",,7.176470588
96,https://insights.blackcoffer.com/coronavirus-impact-on-energy-markets-2/,2,6,-0.499999938,0.099999999,22.71428571,27.67295597,20.15489668,22.71428571,44,96,"[5, 2, 1, 2, 1, 2, 2, 1, 4, 2, 2, 4, 3, 4, 2, 4, 3, 2, 3, 3, 1, 2, 1, 4, 2, 1, 3, 2, 1, 2, 2, 5, 3, 3, 2, 2, 3, 1, 3, 1, 2, 3, 1, 1, 4, 1, 2, 2, 4, 3, 3, 5, 4, 2, 2, 4, 3, 3, 2, 3, 1, 3, 5, 3, 2, 1, 2, 3, 3, 3, 4, 3, 1, 2, 1, 3, 2, 4, 1, 2, 2, 2, 3, 4, 5, 2, 3, 2, 3, 2, 2, 2, 4, 4, 2, 2]",,7.3875
97,https://insights.blackcoffer.com/coronavirus-impact-on-the-hospitality-industry-5/,0,3,-0.999999667,0.081081079,18.25,17.80821918,14.42328767,18.25,13,48,"[3, 1, 2, 5, 1, 1, 1, 1, 3, 2, 2, 2, 3, 2, 2, 1, 1, 2, 3, 2, 1, 2, 3, 2, 3, 3, 1, 4, 3, 1, 1, 1, 2, 1, 1, 3, 2, 1, 1, 2, 3, 1, 1, 1, 2, 3, 2, 1]",,5.324324324
98,https://insights.blackcoffer.com/lessons-from-the-past-some-key-learnings-relevant-to-the-coronavirus-crisis-4/,2,6,-0.499999938,0.17391304,19.85714286,16.54676259,14.56156218,19.85714286,23,58,"[1, 2, 1, 2, 1, 4, 2, 3, 3, 2, 3, 3, 1, 4, 1, 3, 1, 2, 3, 5, 2, 1, 3, 5, 2, 1, 1, 1, 2, 4, 1, 1, 1, 6, 1, 3, 1, 3, 1, 1, 2, 2, 2, 1, 3, 1, 1, 4, 1, 3, 3, 1, 1, 2, 1, 4, 2, 4]",,7.086956522
99,https://insights.blackcoffer.com/estimating-the-impact-of-covid-19-on-the-world-of-work-2/,5,10,-0.333333311,0.130434781,27.2,18.38235294,18.23294118,27.2,50,149,"[2, 1, 5, 3, 1, 5, 1, 2, 1, 2, 1, 2, 2, 2, 1, 1, 4, 3, 3, 4, 1, 3, 4, 2, 2, 2, 2, 2, 1, 3, 3, 2, 2, 1, 5, 2, 1, 1, 1, 2, 4, 1, 2, 1, 3, 2, 3, 1, 1, 2, 1, 1, 1, 2, 4, 2, 4, 1, 4, 2, 3, 1, 3, 2, 1, 3, 2, 1, 2, 2, 2, 2, 3, 1, 1, 2, 4, 3, 2, 1, 1, 2, 2, 3, 2, 4, 3, 2, 1, 2, 3, 3, 2, 1, 1, 4, 3, 2, 1, 3, 3, 3, 2, 2, 2, 4, 4, 3, 3, 2, 2, 2, 1, 2, 3, 2, 1, 3, 3, 1, 1, 3, 2, 2, 2, 2, 1, 1, 2, 4, 2, 3, 3, 1, 3, 4, 1, 2, 1, 1, 3, 4, 1, 2, 1, 1, 1, 2, 5]",,6.686956522
100,https://insights.blackcoffer.com/estimating-the-impact-of-covid-19-on-the-world-of-work-3/,0,0,0,0,34,35.29411765,27.71764706,34,12,22,"[5, 4, 3, 1, 1, 1, 2, 3, 4, 5, 1, 1, 2, 3, 4, 3, 2, 2, 2, 3, 5, 4]",,8
101,https://insights.blackcoffer.com/travel-and-tourism-outlook/,0,2,-0.9999995,0.117647052,15,13.33333333,11.33333333,15,6,27,"[1, 2, 1, 1, 3, 5, 2, 3, 1, 1, 1, 1, 2, 1, 1, 2, 3, 3, 3, 1, 1, 1, 2, 2, 2, 1, 1]",,5.352941176
102,https://insights.blackcoffer.com/gaming-disorder-and-effects-of-gaming-on-health/,0,1,-0.999999,0.249999938,10,30,16,10,3,7,"[2, 2, 3, 3, 2, 1, 3]",,6.75
103,https://insights.blackcoffer.com/what-is-the-repercussion-of-the-environment-due-to-the-covid-19-pandemic-situation/,0,1,-0.999999,0.037037036,16.66666667,22,15.46666667,16.66666667,11,33,"[1, 3, 1, 2, 5, 4, 2, 2, 1, 1, 3, 1, 1, 1, 1, 3, 2, 1, 3, 2, 4, 1, 4, 1, 4, 2, 1, 2, 3, 2, 2, 3, 2]",,6.666666667
104,https://insights.blackcoffer.com/what-is-the-repercussion-of-the-environment-due-to-the-covid-19-pandemic-situation-2/,2,3,-0.19999996,0.161290317,18.66666667,28.57142857,18.8952381,18.66666667,16,36,"[4, 3, 2, 3, 1, 4, 2, 3, 3, 3, 2, 2, 4, 4, 1, 1, 1, 1, 4, 2, 4, 1, 5, 2, 1, 2, 3, 1, 4, 2, 3, 2, 1, 1, 3, 1]",,6.709677419
105,https://insights.blackcoffer.com/impact-of-covid-19-pandemic-on-office-space-and-co-working-industries/,3,6,-0.333333296,0.243243237,29,13.79310345,17.11724138,29,12,41,"[2, 1, 1, 1, 1, 4, 1, 2, 2, 1, 3, 2, 3, 4, 2, 2, 3, 2, 1, 2, 2, 3, 3, 1, 3, 3, 2, 2, 1, 2, 2, 1, 1, 2, 2, 2, 1, 6, 4, 2, 3]",,6.72972973
106,https://insights.blackcoffer.com/contribution-of-handicrafts-visual-arts-literature-in-the-indian-economy/,0,0,0,0,50,12,24.8,50,6,31,"[3, 1, 2, 1, 1, 2, 2, 2, 3, 2, 2, 2, 2, 3, 2, 2, 1, 1, 4, 2, 2, 1, 1, 2, 1, 2, 3, 2, 2, 3, 1]",,6.863636364
107,https://insights.blackcoffer.com/how-covid-19-is-impacting-payment-preferences/,0,0,0,0,8,12.5,8.2,8,1,6,"[1, 2, 1, 1, 2, 1]",,3.333333333
108,https://insights.blackcoffer.com/how-will-covid-19-affect-the-world-of-work-2/,0,3,-0.999999667,0.249999979,25,12,14.8,25,3,16,"[3, 2, 1, 2, 3, 2, 1, 3, 2, 1, 2, 2, 1, 2, 2, 2]",,6.416666667
109,https://insights.blackcoffer.com/lessons-from-the-past-some-key-learnings-relevant-to-the-coronavirus-crisis/,1,2,-0.333333222,0.230769213,23,10.86956522,13.54782609,23,5,19,"[3, 2, 1, 4, 2, 2, 2, 2, 5, 1, 1, 1, 1, 2, 1, 1, 1, 2, 2]",,6.384615385
110,https://insights.blackcoffer.com/covid-19-how-have-countries-been-responding/,0,0,0,0,11,27.27272727,15.30909091,11,3,6,"[2, 1, 3, 3, 4, 1]",,6.666666667
111,https://insights.blackcoffer.com/coronavirus-impact-on-the-hospitality-industry-2/,0,3,-0.999999667,0.09677419,29,27.5862069,22.63448276,29,16,39,"[5, 3, 1, 3, 4, 2, 3, 2, 3, 2, 2, 2, 3, 1, 2, 3, 1, 2, 3, 2, 6, 1, 2, 3, 3, 1, 2, 1, 1, 3, 2, 3, 2, 3, 1, 1, 1, 5, 2]",,7.225806452
112,https://insights.blackcoffer.com/how-will-covid-19-affect-the-world-of-work-3/,2,7,-0.555555494,0.145161288,31.5,23.01587302,21.80634921,31.5,29,77,"[5, 2, 2, 2, 2, 2, 2, 2, 3, 3, 2, 2, 1, 2, 3, 2, 1, 1, 1, 1, 5, 2, 1, 2, 1, 3, 4, 3, 3, 3, 3, 3, 3, 1, 1, 1, 4, 3, 2, 1, 2, 2, 1, 1, 2, 2, 1, 2, 3, 1, 3, 2, 4, 1, 1, 1, 1, 5, 2, 1, 1, 3, 1, 3, 2, 3, 2, 1, 5, 1, 3, 4, 3, 4, 2, 3, 4]",,6.629032258
113,https://insights.blackcoffer.com/coronavirus-impact-on-the-hospitality-industry-3/,1,2,-0.333333222,0.107142853,14.25,21.05263158,14.12105263,14.25,12,34,"[5, 2, 2, 3, 5, 5, 1, 1, 2, 1, 3, 2, 2, 2, 1, 1, 2, 5, 1, 2, 3, 2, 2, 2, 2, 1, 3, 3, 3, 1, 2, 4, 3, 2]",,7.071428571
114,https://insights.blackcoffer.com/estimating-the-impact-of-covid-19-on-the-world-of-work/,0,0,0,0,12,4.166666667,6.466666667,12,1,9,"[1, 1, 1, 1, 3, 2, 2, 1, 2]",,5.571428571
115,https://insights.blackcoffer.com/covid-19-how-have-countries-been-responding-2/,0,2,-0.9999995,0.249999969,28,14.28571429,16.91428571,28,4,15,"[3, 1, 1, 2, 2, 1, 3, 3, 2, 3, 2, 2, 1, 1, 2]",,5.5
116,https://insights.blackcoffer.com/how-will-covid-19-affect-the-world-of-work-4/,1,3,-0.499999875,0.159999994,26,6.41025641,12.96410256,26,5,37,"[2, 2, 1, 3, 1, 1, 4, 2, 4, 3, 5, 1, 1, 1, 2, 1, 1, 1, 2, 1, 1, 1, 1, 2, 1, 1, 2, 1, 2, 1, 2, 2, 2, 2, 1, 1, 1]",,5.92
117,https://insights.blackcoffer.com/lessons-from-the-past-some-key-learnings-relevant-to-the-coronavirus-crisis-2/,4,12,-0.499999969,0.13114754,27.66666667,24.09638554,20.70522088,27.66666667,60,152,"[1, 1, 1, 3, 2, 1, 2, 2, 2, 2, 2, 1, 3, 2, 2, 1, 3, 2, 4, 1, 3, 1, 2, 1, 3, 2, 2, 2, 2, 3, 3, 3, 4, 2, 2, 2, 3, 2, 1, 3, 1, 3, 1, 1, 2, 1, 3, 3, 2, 3, 1, 2, 3, 4, 4, 2, 1, 1, 3, 1, 1, 2, 2, 1, 3, 3, 3, 2, 1, 2, 1, 3, 1, 2, 2, 4, 1, 1, 1, 1, 2, 1, 1, 1, 1, 1, 1, 2, 4, 1, 2, 2, 2, 3, 3, 3, 3, 2, 1, 1, 4, 1, 2, 2, 1, 4, 3, 2, 3, 4, 1, 4, 2, 2, 2, 2, 3, 3, 2, 4, 4, 2, 2, 2, 1, 1, 3, 3, 2, 4, 3, 2, 3, 1, 3, 3, 2, 2, 2, 3, 4, 1, 3, 3, 4, 4, 2, 3, 3, 3, 3, 3]",,7.040983607
118,https://insights.blackcoffer.com/lessons-from-the-past-some-key-learnings-relevant-to-the-coronavirus-crisis-3/,1,9,-0.79999992,0.17241379,20.16666667,24.79338843,17.98402204,20.16666667,30,70,"[2, 2, 2, 1, 3, 2, 5, 1, 1, 1, 3, 5, 3, 3, 1, 1, 5, 5, 3, 2, 2, 1, 3, 3, 2, 2, 4, 5, 2, 1, 2, 2, 2, 3, 2, 1, 3, 1, 2, 1, 3, 5, 3, 3, 2, 3, 1, 4, 2, 3, 2, 2, 3, 2, 2, 2, 3, 3, 3, 3, 2, 1, 1, 1, 2, 1, 4, 3, 3, 1]",,6.74137931
119,https://insights.blackcoffer.com/coronavirus-impact-on-the-hospitality-industry-4/,1,2,-0.333333222,0.130434777,43,25.58139535,27.43255814,43,11,24,"[5, 3, 2, 2, 3, 1, 3, 2, 2, 5, 3, 4, 2, 1, 1, 1, 3, 2, 1, 1, 5, 2, 5, 3]",,7.173913043
120,https://insights.blackcoffer.com/why-scams-like-nirav-modi-happen-with-indian-banks/,0,6,-0.999999833,0.162162158,28,19.04761905,18.81904762,28,16,50,"[2, 2, 3, 1, 2, 5, 3, 1, 1, 1, 2, 3, 1, 2, 2, 2, 2, 5, 4, 1, 2, 2, 3, 1, 3, 3, 1, 1, 1, 1, 2, 1, 1, 2, 2, 4, 2, 2, 3, 3, 3, 3, 3, 3, 2, 1, 1, 1, 2, 2]",,6.675675676
121,https://insights.blackcoffer.com/impact-of-covid-19-on-the-global-economy/,0,0,0,0,18,16.66666667,13.86666667,18,3,8,"[1, 1, 4, 3, 1, 2, 4, 1]",,8
122,https://insights.blackcoffer.com/impact-of-covid-19coronavirus-on-the-indian-economy-2/,0,0,0,0,2,0,0.8,2,0,2,"[2, 2]",,0
123,https://insights.blackcoffer.com/impact-of-covid-19-on-the-global-economy-2/,0,0,0,0,14,42.85714286,22.74285714,14,6,10,"[5, 3, 2, 1, 3, 3, 2, 2, 4, 5]",,7.4
124,https://insights.blackcoffer.com/impact-of-covid-19-coronavirus-on-the-indian-economy-3/,4,6,-0.19999998,0.2173913,22.6,14.15929204,14.70371681,22.6,16,64,"[4, 1, 1, 2, 3, 2, 2, 2, 4, 2, 5, 2, 3, 2, 1, 1, 3, 2, 1, 2, 1, 1, 1, 1, 1, 1, 2, 1, 2, 1, 3, 2, 3, 1, 3, 3, 2, 1, 1, 2, 1, 5, 3, 1, 2, 2, 2, 1, 4, 3, 2, 2, 2, 2, 1, 1, 2, 1, 2, 1, 2, 1, 3, 3]",,6.739130435
125,https://insights.blackcoffer.com/should-celebrities-be-allowed-to-join-politics/,3,1,0.499999875,0.090909089,27.5,17.27272727,17.90909091,27.5,19,56,"[2, 1, 2, 2, 5, 4, 2, 2, 1, 1, 2, 2, 2, 1, 1, 2, 2, 2, 5, 1, 1, 2, 2, 1, 1, 2, 5, 1, 2, 2, 1, 4, 1, 1, 1, 1, 1, 3, 4, 4, 1, 3, 1, 4, 3, 5, 2, 4, 3, 4, 4, 1, 3, 4, 1, 4]",,6.931818182
126,https://insights.blackcoffer.com/how-prepared-is-india-to-tackle-a-possible-covid-19-outbreak/,3,3,0,0.065217391,19.4,20.6185567,16.00742268,19.4,40,108,"[2, 2, 2, 3, 2, 1, 1, 3, 2, 3, 2, 1, 3, 3, 2, 1, 3, 2, 3, 1, 2, 3, 2, 4, 3, 2, 3, 3, 3, 2, 1, 2, 4, 3, 2, 2, 2, 3, 1, 2, 2, 2, 3, 2, 2, 3, 2, 4, 3, 4, 3, 2, 3, 2, 1, 2, 3, 1, 2, 1, 4, 2, 4, 1, 2, 1, 2, 1, 2, 3, 3, 1, 2, 2, 1, 3, 3, 3, 2, 2, 3, 3, 2, 3, 3, 2, 1, 1, 1, 2, 2, 3, 3, 1, 1, 1, 2, 2, 1, 2, 2, 1, 2, 1, 3, 3, 3, 2]",,6.934782609
127,https://insights.blackcoffer.com/how-will-covid-19-affect-the-world-of-work/,1,9,-0.79999992,0.181818179,26.16666667,15.92356688,16.83609342,26.16666667,25,87,"[3, 2, 1, 2, 2, 2, 3, 2, 3, 2, 2, 1, 6, 4, 2, 1, 2, 3, 2, 1, 1, 1, 2, 2, 3, 1, 2, 1, 2, 1, 1, 5, 2, 2, 3, 4, 2, 1, 1, 1, 2, 1, 3, 3, 1, 5, 3, 2, 2, 1, 2, 2, 2, 2, 3, 1, 1, 2, 3, 1, 3, 2, 1, 1, 2, 1, 3, 2, 3, 1, 4, 2, 3, 3, 1, 2, 3, 2, 2, 2, 2, 3, 3, 1, 2, 2, 2]",,6.4
128,https://insights.blackcoffer.com/controversy-as-a-marketing-strategy/,2,3,-0.19999996,0.147058819,20.25,24.69135802,17.97654321,20.25,20,41,"[5, 1, 1, 3, 1, 2, 3, 3, 1, 3, 2, 2, 4, 3, 3, 3, 2, 3, 3, 1, 3, 2, 3, 3, 3, 3, 1, 2, 1, 2, 1, 3, 4, 1, 1, 1, 3, 4, 1, 1, 1]",,7.147058824
129,https://insights.blackcoffer.com/coronavirus-impact-on-the-hospitality-industry/,0,1,-0.999999,0.111111099,24,12.5,14.6,24,3,11,"[2, 2, 1, 1, 1, 3, 5, 2, 1, 1, 2]",,6.333333333
130,https://insights.blackcoffer.com/coronavirus-impact-on-energy-markets/,0,0,0,0,19,23.68421053,17.07368421,19,9,23,"[5, 1, 2, 1, 2, 3, 3, 3, 3, 2, 2, 3, 2, 2, 1, 2, 2, 2, 3, 2, 3, 3, 1]",,7.388888889
131,https://insights.blackcoffer.com/what-are-the-key-policies-that-will-mitigate-the-impacts-of-covid-19-on-the-world-of-work/,1,1,0,0.039215686,22.8,13.15789474,14.38315789,22.8,15,61,"[4, 1, 2, 1, 3, 2, 2, 2, 1, 3, 3, 1, 1, 1, 1, 2, 1, 3, 3, 2, 5, 2, 1, 2, 3, 1, 2, 1, 1, 3, 1, 2, 2, 1, 3, 2, 3, 2, 2, 2, 1, 2, 1, 2, 1, 2, 2, 2, 3, 3, 1, 2, 1, 4, 2, 2, 1, 2, 1, 2, 3]",,6.078431373
132,https://insights.blackcoffer.com/marketing-drives-results-with-a-focus-on-problems/,3,3,0,0.176470583,27,12.96296296,15.98518519,27,14,52,"[2, 1, 2, 2, 2, 3, 1, 3, 1, 2, 2, 3, 2, 1, 4, 3, 2, 1, 2, 1, 2, 2, 2, 3, 3, 2, 3, 2, 1, 2, 4, 4, 1, 2, 3, 2, 1, 3, 2, 2, 2, 2, 2, 2, 3, 1, 1, 2, 2, 2, 3, 1]",,6.941176471
133,https://insights.blackcoffer.com/continued-demand-for-sustainability/,0,0,0,0,1,0,0.4,1,0,0,[],,0
134,https://insights.blackcoffer.com/coronavirus-disease-covid-19-effect-the-impact-and-role-of-mass-media-during-the-pandemic/,1,5,-0.666666556,0.111111109,40,17.5,23,40,21,62,"[2, 5, 3, 1, 2, 1, 2, 2, 1, 2, 1, 2, 1, 3, 1, 4, 2, 1, 3, 2, 3, 2, 2, 3, 3, 3, 1, 2, 2, 1, 2, 2, 3, 2, 3, 3, 4, 2, 1, 3, 3, 2, 2, 2, 3, 1, 2, 3, 3, 1, 2, 2, 1, 3, 1, 2, 2, 2, 4, 2, 3, 2]",,6.592592593
135,https://insights.blackcoffer.com/should-people-wear-fabric-gloves-seeking-evidence-regarding-the-differential-transfer-of-covid-19-or-coronaviruses-generally-between-surfaces/,0,3,-0.999999667,0.083333331,19.2,11.45833333,12.26333333,19.2,11,51,"[4, 2, 2, 1, 1, 1, 1, 2, 1, 2, 3, 3, 1, 1, 3, 1, 2, 2, 2, 3, 2, 1, 1, 1, 1, 1, 3, 2, 2, 3, 2, 2, 3, 2, 1, 2, 1, 2, 2, 2, 2, 1, 3, 2, 2, 1, 2, 1, 3, 2, 3]",,6.277777778
136,https://insights.blackcoffer.com/why-is-there-a-severe-immunological-and-inflammatory-explosion-in-those-affected-by-sarms-covid-19/,0,2,-0.9999995,0.117647052,21,33.33333333,21.73333333,21,14,21,"[3, 6, 5, 3, 3, 1, 2, 1, 3, 2, 3, 3, 3, 1, 4, 1, 2, 3, 3, 5, 3]",,7.529411765
137,https://insights.blackcoffer.com/what-do-you-think-is-the-lesson-or-lessons-to-be-learned-with-covid-19/,0,1,-0.999999,0.076923071,28,25,21.2,28,7,17,"[1, 2, 2, 1, 4, 1, 4, 2, 4, 2, 1, 4, 3, 1, 2, 3, 3]",,7.461538462
138,https://insights.blackcoffer.com/coronavirus-the-unexpected-challenge-for-the-european-union/,0,2,-0.9999995,0.285714245,17,5.882352941,9.152941176,17,1,9,"[2, 2, 1, 2, 3, 1, 2, 1, 2]",,6.142857143
139,https://insights.blackcoffer.com/industrial-revolution-4-0-pros-and-cons/,4,1,0.59999988,0.142857139,34,30.88235294,25.95294118,34,21,42,"[2, 1, 1, 3, 4, 1, 1, 3, 3, 3, 4, 1, 1, 3, 4, 1, 1, 3, 4, 1, 1, 1, 1, 3, 3, 4, 2, 3, 2, 4, 2, 1, 3, 1, 2, 1, 4, 5, 3, 1, 3, 1]",,6.6
140,https://insights.blackcoffer.com/impact-of-covid-19-coronavirus-on-the-indian-economy/,4,13,-0.529411734,0.220779218,24,20.83333333,17.93333333,24,35,99,"[2, 2, 5, 4, 1, 5, 3, 2, 1, 2, 2, 4, 3, 1, 5, 2, 2, 3, 1, 2, 2, 4, 3, 2, 1, 3, 1, 1, 1, 2, 3, 2, 1, 3, 2, 4, 1, 3, 2, 1, 3, 2, 2, 1, 1, 2, 3, 3, 3, 2, 3, 2, 4, 3, 2, 3, 2, 1, 2, 1, 3, 1, 1, 3, 4, 2, 2, 1, 2, 5, 1, 4, 2, 2, 2, 4, 2, 1, 2, 3, 2, 1, 1, 2, 2, 1, 3, 2, 2, 3, 1, 2, 2, 3, 4, 2, 1, 3, 2]",,7.051948052
141,https://insights.blackcoffer.com/impact-of-covid-19-coronavirus-on-the-indian-economy-2/,0,5,-0.9999998,0.333333311,11,21.21212121,12.88484848,11,7,19,"[3, 2, 1, 1, 1, 1, 4, 3, 2, 2, 3, 1, 3, 3, 1, 1, 2, 4, 2]",,6.6
142,https://insights.blackcoffer.com/impact-of-covid-19coronavirus-on-the-indian-economy/,0,9,-0.999999889,0.236842099,26.66666667,21.25,19.16666667,26.66666667,17,47,"[2, 5, 2, 1, 4, 3, 2, 1, 1, 1, 3, 1, 1, 1, 5, 3, 3, 2, 1, 4, 5, 2, 2, 2, 5, 2, 1, 1, 2, 1, 2, 3, 2, 4, 2, 1, 2, 1, 3, 2, 3, 2, 3, 2, 3, 4, 2]",,6.578947368
143,https://insights.blackcoffer.com/impact-of-covid-19-coronavirus-on-the-global-economy/,0,0,0,0,6,20,10.4,6,6,14,"[5, 3, 1, 2, 5, 2, 1, 4, 3, 2, 1, 1, 1, 5]",,7.333333333
144,https://insights.blackcoffer.com/ensuring-growth-through-insurance-technology/,,,,,,,,,,,,,
145,https://insights.blackcoffer.com/blockchain-in-fintech/,0,2,-0.9999995,0.064516127,26.33333333,25.3164557,20.65991561,26.33333333,20,42,"[2, 4, 2, 4, 3, 2, 1, 5, 1, 2, 2, 2, 4, 2, 2, 2, 3, 1, 4, 3, 2, 3, 1, 2, 3, 2, 2, 5, 2, 3, 3, 4, 4, 2, 3, 1, 1, 2, 3, 4, 2, 3]",,8.548387097
146,https://insights.blackcoffer.com/blockchain-for-payments/,1,2,-0.333333222,0.081081079,17.42857143,7.37704918,9.922248244,17.42857143,9,60,"[1, 2, 3, 2, 1, 2, 4, 2, 2, 1, 1, 2, 2, 2, 1, 1, 1, 2, 2, 2, 1, 1, 2, 2, 2, 2, 1, 3, 2, 4, 4, 2, 2, 1, 2, 2, 1, 1, 1, 1, 4, 1, 2, 2, 4, 1, 2, 1, 1, 2, 3, 2, 1, 1, 1, 1, 1, 2, 3, 1]",,6.135135135
147,https://insights.blackcoffer.com/the-future-of-investing/,1,0,0.999999,0.032258063,23.33333333,30,21.33333333,23.33333333,21,36,"[3, 3, 1, 3, 4, 3, 1, 4, 6, 3, 1, 2, 3, 3, 4, 2, 3, 1, 2, 4, 3, 2, 3, 3, 3, 2, 3, 1, 1, 2, 3, 3, 1, 1, 1, 3]",,7.225806452
148,https://insights.blackcoffer.com/big-data-analytics-in-healthcare/,4,2,0.333333278,0.24999999,14.5,29.31034483,17.52413793,14.5,17,30,"[3, 4, 3, 2, 3, 2, 2, 1, 1, 3, 3, 1, 3, 5, 4, 2, 4, 2, 1, 3, 3, 1, 3, 1, 4, 2, 2, 4, 3, 3]",,8.083333333
149,https://insights.blackcoffer.com/business-analytics-in-the-healthcare-industry/,2,0,0.9999995,0.068965515,23.5,38.29787234,24.71914894,23.5,18,29,"[4, 4, 3, 2, 4, 3, 3, 2, 1, 2, 3, 4, 2, 1, 4, 4, 3, 3, 3, 4, 2, 3, 4, 2, 1, 2, 2, 3, 3]",,8.379310345
150,https://insights.blackcoffer.com/challenges-and-opportunities-of-big-data-in-healthcare/,2,2,0,0.049999999,16,16.14583333,12.85833333,16,31,107,"[2, 1, 1, 1, 2, 1, 2, 3, 3, 2, 1, 2, 2, 2, 1, 1, 2, 4, 2, 2, 5, 1, 2, 1, 2, 2, 3, 2, 2, 2, 4, 2, 4, 1, 1, 2, 2, 2, 2, 1, 3, 4, 1, 4, 1, 2, 3, 1, 1, 2, 2, 2, 1, 3, 1, 2, 1, 3, 4, 1, 4, 2, 1, 3, 1, 1, 2, 2, 1, 1, 1, 4, 2, 2, 2, 4, 2, 3, 1, 2, 3, 2, 3, 2, 4, 1, 3, 2, 1, 4, 4, 1, 2, 4, 4, 2, 2, 2, 4, 4, 1, 2, 4, 3, 1, 2, 1]",,6.225
